,skeleton-id,node-id-src,node-id-dst,branch-distance,branch-type,mean-pixel-value,stdev-pixel-value,image-coord-src-0,image-coord-src-1,image-coord-dst-0,image-coord-dst-1,coord-src-0,coord-src-1,coord-dst-0,coord-dst-1,euclidean-distance,main,index
0,1,3,346,87.00305124790603,0,2.7316002621454745,0.5351096306428595,0.0,987.0,25.0,855.0,0.0,560.7972070312501,14.204589843750002,485.79697265625003,76.33351510925004,True,1
1,3,5,249,38.76646652702877,1,2.4055526666420324,0.4975947145155199,1.0,316.0,61.75,333.0,0.56818359375,179.54601562500002,35.0853369140625,189.20513671875003,35.84316522911567,False,2
2,4,34,74,14.018341410588482,1,3.4361493502217932,0.18921646814881568,4.0,448.0,25.0,438.75,2.272734375,254.54625000000001,14.204589843750002,249.29055175781252,13.038080339531277,False,3
3,4,63,64,36.99692581721091,2,3.060080271584631,0.5857909825891122,5.333333333333333,685.6666666666666,19.25,744.0,3.0303125,389.58455078125,10.937534179687502,422.72859375,34.07420929392297,True,4
4,4,63,250,98.21185154694092,2,3.1541683726090213,0.387695036060185,5.333333333333333,685.6666666666666,66.33333333333333,553.6666666666666,3.0303125,389.58455078125,37.68951171875,314.58431640625,82.6213970275856,True,5
5,4,63,858,32.47482721869592,1,2.866325098105429,0.49338450587454413,5.333333333333333,685.6666666666666,55.0,704.0,3.0303125,389.58455078125,31.250097656250002,400.00125,30.08095571751029,False,6
6,4,64,372,65.90129246418155,1,2.6855069444004784,0.28186610031896986,19.25,744.0,26.0,853.0,10.937534179687502,422.72859375,14.772773437500001,484.66060546875,62.05064976046628,True,7
7,4,64,1367,55.96046769987959,1,2.4632504940272058,0.49448247502930426,19.25,744.0,90.0,792.0,10.937534179687502,422.72859375,51.1365234375,450.00140625000006,48.577412848049896,False,8
8,4,74,516,18.3155580167573,1,3.457556553594611,0.2422525166137276,25.0,438.75,32.0,410.0,14.204589843750002,249.29055175781252,18.181875,232.9552734375,16.812498773715895,False,9
9,4,74,270,34.951374837191146,2,2.4430288554607444,0.6021094908940741,25.0,438.75,80.66666666666667,450.6666666666667,14.204589843750002,249.29055175781252,45.8334765625,256.06140625,32.345493436055285,False,10
10,5,81,248,18.928302616093074,1,3.2900385477232352,0.48504253757022037,7.0,153.0,35.0,145.0,3.9772851562500002,86.93208984375,19.88642578125,82.38662109375001,16.54575599914528,False,11
11,5,248,667,52.14195420542749,1,2.2611797424702322,0.4708269059998254,35.0,145.0,43.0,64.0,19.88642578125,82.38662109375001,24.431894531250002,36.36375,46.24679394151725,True,12
12,5,248,1536,41.208601466580085,1,2.476500711243779,0.7720013953301723,35.0,145.0,98.0,156.0,19.88642578125,82.38662109375001,55.68199218750001,88.63664062500001,36.33710663337493,True,13
13,3,249,553,51.72047852706662,1,2.7263194654676433,0.6550673352268146,61.75,333.0,34.0,409.0,35.0853369140625,189.20513671875003,19.3182421875,232.38708984375003,45.970450854936075,True,14
14,3,249,696,62.04514600216856,1,2.828741254869719,0.5982080096700633,61.75,333.0,45.0,238.0,35.0853369140625,189.20513671875003,25.56826171875,135.2276953125,54.81002555225081,True,15
15,4,250,339,52.87596780719489,2,2.7962621569854322,0.41055731804155526,66.33333333333333,553.6666666666666,91.25,483.0,37.68951171875,314.58431640625,51.846752929687504,274.43267578125,42.57442569881383,False,16
16,4,250,327,13.373948282189582,2,3.2928925178389408,0.33880875267839305,66.33333333333333,553.6666666666666,89.0,555.8,37.68951171875,314.58431640625,50.56833984375,315.79644140625,12.935743538309502,True,17
17,4,270,1066,63.92682269867426,2,2.428592050954601,0.5758614753318548,80.66666666666667,450.6666666666667,162.0,394.0,45.8334765625,256.06140625,92.04574218750001,223.86433593750002,56.322507320818254,False,18
18,4,270,339,20.81205627701612,2,2.8476926122624917,0.3430192560175061,80.66666666666667,450.6666666666667,91.25,483.0,45.8334765625,256.06140625,51.846752929687504,274.43267578125,19.33036566798492,False,19
19,4,327,888,108.51269474345266,1,2.8978120470286735,0.47302189901123626,89.0,555.8,57.0,705.0,50.56833984375,315.79644140625,32.386464843750005,400.56943359375003,86.70086956275335,False,20
20,4,327,949,62.820887912789686,2,3.1884660675254395,0.32638122258534297,89.0,555.8,152.33333333333334,478.3333333333333,50.56833984375,315.79644140625,86.55330078125002,271.78115234375,56.85299539099792,True,21
21,4,339,949,37.7600791966644,2,2.610842477359796,0.4543133174084669,91.25,483.0,152.33333333333334,478.3333333333333,51.846752929687504,274.43267578125,86.55330078125002,271.78115234375,34.80768651192449,False,22
22,6,340,962,41.557204910804565,1,1.9543079196168875,0.4583736985260437,96.33333333333333,962.6666666666666,62.0,1021.0,54.73501953125,546.97140625,35.227382812500004,580.1154492187501,38.45875030035528,False,23
23,6,340,3261,233.69663688640276,1,3.4207035373101506,0.5087044902091453,96.33333333333333,962.6666666666666,184.0,611.0,54.73501953125,546.97140625,104.54578125,347.16017578125,205.9262970201669,True,24
24,6,340,3243,70.78540538841999,1,2.97267222803618,0.5756058708600695,96.33333333333333,962.6666666666666,182.0,1022.0,54.73501953125,546.97140625,103.4094140625,580.6836328125,59.20904409619458,True,25
25,4,360,671,54.107423558278754,1,2.9183434302906712,0.3996612983396297,131.75,221.0,43.0,237.0,74.8581884765625,125.56857421875002,24.431894531250002,134.65951171875003,51.239206333509564,False,26
26,4,360,947,21.24572830487346,2,2.538272785476035,0.5341763819856493,131.75,221.0,141.33333333333334,187.33333333333334,74.8581884765625,125.56857421875002,80.30328125000001,106.43972656250001,19.88873671119819,False,27
27,4,360,1086,22.077999861394797,2,3.108346205570856,0.3597337413549643,131.75,221.0,163.66666666666666,237.33333333333334,74.8581884765625,125.56857421875002,92.99271484375001,134.84890625000003,20.371195575431106,False,28
28,4,563,1470,34.39911969412203,1,3.746913878684495,0.6819851490815463,136.0,87.25,95.0,51.0,77.27296875,49.574018554687505,53.97744140625,28.977363281250003,31.095076823771073,False,29
29,4,563,934,21.18080499432227,2,4.568375932778922,0.703012222391105,136.0,87.25,138.33333333333334,123.66666666666667,77.27296875,49.574018554687505,78.59873046875,70.26537109375,20.733781951941886,False,30
30,4,563,948,10.77959926996981,2,5.580322325426077,0.4177948453941201,136.0,87.25,148.33333333333334,73.66666666666667,77.27296875,49.574018554687505,84.28056640625002,41.856191406250005,10.424551827538659,False,31
31,4,934,947,44.34985871434704,2,3.573750270429621,0.29768477954112743,138.33333333333334,123.66666666666667,141.33333333333334,187.33333333333334,78.59873046875,70.26537109375,80.30328125000001,106.43972656250001,36.21449277492843,False,32
32,4,934,1344,46.38255278038348,2,3.1608547118451926,0.5160113763313389,138.33333333333334,123.66666666666667,213.66666666666666,108.66666666666667,78.59873046875,70.26537109375,121.40189453125001,61.74261718750001,43.64342090060988,False,33
33,4,947,1345,65.11611377344022,2,2.574217480743087,0.7854007513457338,141.33333333333334,187.33333333333334,223.75,146.0,80.30328125000001,106.43972656250001,127.1310791015625,82.9548046875,52.386870560300274,False,34
34,4,948,1065,41.05468645305198,2,3.6227152316285496,0.6010238417202821,148.33333333333334,73.66666666666667,155.0,6.0,84.28056640625002,41.856191406250005,88.06845703125,3.4091015625,38.63323482236956,False,35
35,4,948,1330,40.494106104756554,2,2.926269873228211,0.7393610639102238,148.33333333333334,73.66666666666667,211.66666666666666,79.33333333333333,84.28056640625002,41.856191406250005,120.26552734375001,45.0758984375,36.12871333220269,False,36
36,4,949,1231,13.890999798327199,2,3.110616226377618,0.4689756670410215,152.33333333333334,478.3333333333333,167.0,463.0,86.55330078125002,271.78115234375,94.88666015625,263.06900390625003,12.055969843605851,True,37
37,4,1065,2504,0.803532944199135,1,4.821197665194809,0.0,155.0,6.0,154.0,5.0,88.06845703125,3.4091015625,87.50027343750001,2.8409179687500004,0.8035329441991296,False,38
38,4,1065,1378,55.26744225227092,2,3.567177773506254,0.4748131677097669,155.0,6.0,230.33333333333334,32.333333333333336,88.06845703125,3.4091015625,130.87162109375,18.371269531250004,45.34288614641089,False,39
39,4,1066,1243,80.39721887939952,2,2.6196204863031824,0.6788366239272189,162.0,394.0,176.33333333333334,258.3333333333333,92.04574218750001,223.86433593750002,100.18970703125001,146.78076171875,77.51258980135923,False,40
40,4,1066,1231,43.20560692638527,2,2.2866123365358084,0.4619948220492558,162.0,394.0,167.0,463.0,92.04574218750001,223.86433593750002,94.88666015625,263.06900390625003,39.30746500914426,False,41
41,4,1086,2151,83.37616285039734,2,2.833207652290108,0.30115353229507724,163.66666666666666,237.33333333333334,293.25,208.0,92.99271484375001,134.84890625000003,166.61983886718753,118.18218750000001,75.48995235032443,False,42
42,4,1086,1243,14.864892164407607,2,3.286391032359287,0.4971031762600813,163.66666666666666,237.33333333333334,176.33333333333334,258.3333333333333,92.99271484375001,134.84890625000003,100.18970703125001,146.78076171875,13.934341443860012,False,43
43,4,1231,1380,92.95273379503213,2,3.1858758940204512,0.48922898781924745,167.0,463.0,251.0,342.25,94.88666015625,263.06900390625003,142.61408203125,194.46083496093752,83.57623851827009,True,44
44,4,1243,1380,88.99272750432249,2,2.622158841116838,0.40059814363874935,176.33333333333334,258.3333333333333,251.0,342.25,100.18970703125001,146.78076171875,142.61408203125,194.46083496093752,63.82175944394663,False,45
45,7,1244,3402,5.722215502245685,1,4.006838438417416,0.6114228050156418,198.0,594.0,191.0,588.0,112.50035156250001,337.5010546875,108.52306640625001,334.09195312500003,5.23839390248256,False,46
46,7,1244,3535,0.8035329441991446,1,4.899507143649285,0.21414520010071034,198.0,594.0,197.0,595.0,112.50035156250001,337.5010546875,111.93216796875001,338.06923828125,0.8035329441991446,False,47
47,7,1244,1343,8.616057358261646,2,5.184127579410991,0.18046946971552094,198.0,594.0,212.75,595.0,112.50035156250001,337.5010546875,120.88105957031252,338.06923828125,8.399946387234817,False,48
48,4,1330,1344,17.174924959621293,2,2.5295265980257513,0.910985859918432,211.66666666666666,79.33333333333333,213.66666666666666,108.66666666666667,120.26552734375001,45.0758984375,121.40189453125001,61.74261718750001,16.705413621830154,False,49
49,4,1330,1379,18.47337311611834,2,2.642178007613288,0.38629893404499915,211.66666666666666,79.33333333333333,230.0,55.0,120.26552734375001,45.0758984375,130.6822265625,31.250097656250002,17.31070159920504,False,50
50,7,1343,4512,32.16688698911754,1,5.396910373879011,0.673554377457625,212.75,595.0,249.0,632.0,120.88105957031252,338.06923828125,141.47771484375002,359.09203125000005,29.430936659572126,True,51
51,7,1343,7481,113.6425704152317,1,2.8604108591992237,0.5782732435399388,212.75,595.0,373.0,513.0,120.88105957031252,338.06923828125,211.93248046875001,291.47818359375003,102.27945846805231,True,52
52,4,1344,1345,24.789341433266156,2,3.2743033686294614,0.42634731013442007,213.66666666666666,108.66666666666667,223.75,146.0,121.40189453125001,61.74261718750001,127.1310791015625,82.9548046875,21.97226557221314,False,53
53,4,1345,4631,24.188662875232247,1,3.6291332451236835,0.3885155318555785,223.75,146.0,254.0,165.0,127.1310791015625,82.9548046875,144.3186328125,93.75029296875,20.296664006603827,False,54
54,4,1360,1500,62.15852220119358,2,3.1432486426737687,0.41311025053249206,228.33333333333334,498.3333333333333,268.25,412.0,129.73525390625002,283.14482421875,152.41524902343753,234.09164062500003,54.04254804501532,True,55
55,4,1360,3177,41.463195014907285,1,2.92545310397257,0.7774534260028062,228.33333333333334,498.3333333333333,176.0,538.0,129.73525390625002,283.14482421875,100.0003125,305.68277343750003,37.31120334993334,False,56
56,4,1360,2271,56.110792051201344,2,3.653778052022179,0.41549795715363946,228.33333333333334,498.3333333333333,316.6666666666667,472.6666666666667,129.73525390625002,283.14482421875,179.92480468750003,268.56144531250004,52.26534174715525,True,57
57,4,1378,1379,12.897581879361503,2,3.441434733004191,0.4227953334506595,230.33333333333334,32.333333333333336,230.0,55.0,130.87162109375,18.371269531250004,130.6822265625,31.250097656250002,12.880220656563239,False,58
58,4,1378,2205,50.486061441807436,2,2.530482969653128,0.46290442768387186,230.33333333333334,32.333333333333336,311.6666666666667,18.333333333333332,130.87162109375,18.371269531250004,177.08388671875002,10.41669921875,46.89188291220629,False,59
59,4,1379,2149,38.45411032925124,2,2.940685638915496,0.3259307147467451,230.0,55.0,283.0,88.8,130.6822265625,31.250097656250002,160.79595703125003,50.454703125,35.71629367606423,False,60
60,4,1380,2235,52.50728570790542,2,3.099751451652975,0.3296305212198413,251.0,342.25,316.0,318.0,142.61408203125,194.46083496093752,179.54601562500002,180.6823828125,39.41844064115098,True,61
61,4,1407,3449,268.58358221014794,1,3.146114004646935,0.5899954331715034,266.0,886.0,193.0,640.0,151.13683593750002,503.4106640625,109.65943359375001,363.63750000000005,145.79750442729755,False,62
62,4,1407,1528,59.70726015395018,2,3.403205773044874,0.5943905462926621,266.0,886.0,273.3333333333333,786.3333333333334,151.13683593750002,503.4106640625,155.303515625,446.7816992187501,56.78204715306495,False,63
63,4,1407,2138,24.286025662834163,2,2.1484537425054375,0.7046513676686669,266.0,886.0,281.25,922.0,151.13683593750002,503.4106640625,159.8016357421875,523.8652734375,22.214180163561085,False,64
64,8,1423,1588,29.390956654042203,0,2.783071222248701,0.502848738110697,93.0,50.0,102.0,2.0,52.84107421875,28.409179687500004,57.95472656250001,1.1363671875,27.74807636491035,True,65
65,4,1500,2235,66.281434310253,2,2.5486755832451924,0.32763330428897763,268.25,412.0,316.0,318.0,152.41524902343753,234.09164062500003,179.54601562500002,180.6823828125,59.905152670455266,True,66
66,4,1500,2334,76.00908694754203,2,2.6930833007308714,0.35276747148168397,268.25,412.0,340.3333333333333,334.3333333333333,152.41524902343753,234.09164062500003,193.37181640625002,189.96271484375,60.20633274324166,False,67
67,4,1501,4537,12.369777850357194,1,5.003596719871616,0.5980911386888011,269.6666666666667,637.3333333333334,250.0,634.0,153.22017578125002,362.12234375,142.0458984375,360.2283984375,11.333644735996705,False,68
68,4,1501,2322,42.247202406221184,2,4.069987481506693,0.5376906978662668,269.6666666666667,637.3333333333334,332.6666666666667,609.6666666666666,153.22017578125002,362.12234375,189.01574218750002,346.40259765625,39.09517862340857,False,69
69,4,1501,2292,46.349101253662724,2,5.2443713846578275,0.6794463594825028,269.6666666666667,637.3333333333334,321.6666666666667,690.3333333333334,153.22017578125002,362.12234375,182.76572265625003,392.23607421875005,42.18739270075062,False,70
70,4,1528,4441,83.36744149785551,1,2.967088611478712,0.5259712086109772,273.3333333333333,786.3333333333334,247.0,653.0,155.303515625,446.7816992187501,140.34134765625,371.02388671875,77.22119284956852,False,71
71,4,1528,2321,67.60836167994925,2,2.8429091437870815,0.618786155433514,273.3333333333333,786.3333333333334,324.25,698.0,155.303515625,446.7816992187501,184.2335302734375,396.59214843750004,57.930447565874076,False,72
72,10,1679,2088,116.76029367197013,0,2.417948419538788,0.427898051547461,105.0,862.0,127.0,676.0,59.659277343750006,489.7742578125,72.15931640625,384.092109375,106.41883045274372,True,73
73,4,2138,4766,51.73708218517721,1,2.7041233761346777,0.32964573707887296,281.25,922.0,259.0,1002.0,159.8016357421875,523.8652734375,147.15955078125,569.3199609375,47.17998439891874,False,74
74,4,2138,2272,23.74531884044786,2,2.638270820717405,0.3995937515068995,281.25,922.0,316.0,939.0,159.8016357421875,523.8652734375,179.54601562500002,533.5243945312501,21.980426685133736,False,75
75,4,2149,2189,36.69601030583875,2,2.6115722401732193,0.38996168142240584,283.0,88.8,297.0,147.0,160.79595703125003,50.454703125,168.75052734375,83.52298828125001,34.01156673885475,False,76
76,4,2149,6948,42.46169824339081,1,3.0111346908434236,0.8199189797631253,283.0,88.8,350.0,86.0,160.79595703125003,50.454703125,198.86425781250003,48.863789062500004,38.10152925967644,False,77
77,4,2150,4689,21.915928500232255,1,3.013983089876934,0.4142657817133198,290.0,177.25,256.0,166.0,164.77324218750002,100.71054199218752,145.455,94.31847656250001,20.348291861291727,False,78
78,4,2150,2151,18.102077022731798,2,3.0754818005491567,0.4059284958619818,290.0,177.25,293.25,208.0,164.77324218750002,100.71054199218752,166.61983886718753,118.18218750000001,17.568958877750767,False,79
79,4,2150,2204,6.365069234435438,2,3.758533140133532,0.33721675950806546,290.0,177.25,300.0,173.75,164.77324218750002,100.71054199218752,170.45507812500003,98.7218994140625,6.019797249426123,False,80
80,4,2151,2521,63.86665403681545,2,2.9084220716975038,0.2486575134251574,293.25,208.0,368.0,275.25,166.61983886718753,118.18218750000001,209.0915625,156.39253417968752,57.130358844697525,False,81
81,4,2189,5643,0.8035329441991446,1,3.2453439013070744,0.3481646694725498,297.0,147.0,298.0,146.0,168.75052734375,83.52298828125001,169.31871093750001,82.9548046875,0.8035329441991446,False,82
82,4,2189,2204,15.904959184159898,2,2.8302415146460174,0.6114376606083178,297.0,147.0,300.0,173.75,168.75052734375,83.52298828125001,170.45507812500003,98.7218994140625,15.294194747975185,False,83
83,4,2204,3163,94.5783187613079,2,2.640348818486422,0.3560472912301025,300.0,173.75,418.25,225.0,170.45507812500003,98.7218994140625,237.64278808593753,127.84130859375001,73.22655502458879,False,84
84,4,2205,6252,30.729896872700248,1,1.678278996763859,0.8050157067617223,311.6666666666667,18.333333333333332,321.0,67.0,177.08388671875002,10.41669921875,182.38693359375003,38.06830078125,28.155521219286634,False,85
85,4,2205,6118,8.830977785728706,1,2.393565380703697,0.5563198356850078,311.6666666666667,18.333333333333332,317.0,5.0,177.08388671875002,10.41669921875,180.11419921875,2.8409179687500004,8.159366114809881,False,86
86,4,2235,2334,18.002674415220067,2,3.161807751030323,0.3823664655289839,316.0,318.0,340.3333333333333,334.3333333333333,179.54601562500002,180.6823828125,193.37181640625002,189.96271484375,16.65164646072747,False,87
87,4,2271,3923,129.2486438401448,2,3.34012556373857,0.5722681746254296,316.6666666666667,472.6666666666667,445.6666666666667,322.6666666666667,179.92480468750003,268.56144531250004,253.22048828125003,183.33390625,112.40992237398387,False,88
88,4,2271,2940,49.48812142191917,2,2.746832045221337,0.5209628022948418,316.6666666666667,472.6666666666667,397.0,477.0,179.92480468750003,268.56144531250004,225.56888671875,271.02357421875,45.710439761901974,True,89
89,4,2272,2421,77.29566598894841,2,2.5214819189079924,0.4057109027577946,316.0,939.0,342.3333333333333,991.6666666666666,179.54601562500002,533.5243945312501,194.50818359375,563.44873046875,33.456424668894854,False,90
90,4,2272,2403,15.949520189745723,2,3.020492698239803,0.5007253865102063,316.0,939.0,342.0,934.0,179.54601562500002,533.5243945312501,194.31878906250003,530.6834765625,15.043458709381726,False,91
91,4,2292,2754,47.928363136291495,2,3.4064670156066534,0.6459119393772307,321.6666666666667,690.3333333333334,381.0,637.0,182.76572265625003,392.23607421875005,216.47794921875,361.93294921875,45.32983128765157,True,92
92,4,2292,2321,4.866011084225015,2,6.393684976588113,0.35784747071533723,321.6666666666667,690.3333333333334,324.25,698.0,182.76572265625003,392.23607421875005,184.2335302734375,396.59214843750004,4.596720765973496,True,93
93,4,2321,2485,13.694472730329203,2,5.0982833343810015,0.4800997978258735,324.25,698.0,345.75,705.0,184.2335302734375,396.59214843750004,196.4494775390625,400.56943359375003,12.847107254579045,True,94
94,4,2322,2755,58.46736670022466,2,3.5812008489543974,0.5028197581749688,332.6666666666667,609.6666666666666,393.3333333333333,537.6666666666666,189.01574218750002,346.40259765625,223.485546875,305.49337890625003,53.495155050992665,True,95
95,4,2322,2703,22.796036838189472,2,3.5306641757408994,0.6029059519589041,332.6666666666667,609.6666666666666,369.75,615.0,189.01574218750002,346.40259765625,210.0858837890625,349.43291015625005,21.28693639201166,True,96
96,4,2334,2521,43.5989683024067,2,2.779897796073776,0.6258153654477717,340.3333333333333,334.3333333333333,368.0,275.25,193.37181640625002,189.96271484375,209.0915625,156.39253417968752,37.06841576153158,False,97
97,4,2402,6349,43.24180505029085,1,2.653055195573171,0.6141649365185877,342.75,835.0,325.0,890.0,194.74492675781252,474.43330078125007,184.65966796875003,505.68339843750005,32.83719001935949,False,98
98,4,2402,6962,19.838163910935716,1,4.062212146346207,0.29164622476174934,342.75,835.0,350.0,803.0,194.74492675781252,474.43330078125007,198.86425781250003,456.25142578125,18.64267863944824,False,99
99,4,2402,2499,33.466687855366985,2,3.5942997835887756,0.6005267329367397,342.75,835.0,362.25,886.0,194.74492675781252,474.43330078125007,205.8245068359375,503.4106640625,31.023292498397346,False,100
100,4,2403,2499,31.948141296778967,2,3.1003976396300197,0.3321925253451135,342.0,934.0,362.25,886.0,194.31878906250003,530.6834765625,205.8245068359375,503.4106640625,29.600470319610647,False,101
101,4,2403,2421,34.66680246420456,2,2.9396117385397735,0.428383976310506,342.0,934.0,342.3333333333333,991.6666666666666,194.31878906250003,530.6834765625,194.50818359375,563.44873046875,32.76580128471602,False,102
102,4,2421,2486,17.105131575123742,2,3.4304425426122527,0.42765527293302297,342.3333333333333,991.6666666666666,357.0,1015.0,194.50818359375,563.44873046875,202.84154296875002,576.70634765625,15.65916000183909,False,103
103,4,2485,3875,60.417295014819665,2,5.023044580046586,0.4187981423059177,345.75,705.0,423.75,757.0,196.4494775390625,400.56943359375003,240.76779785156253,430.11498046875005,53.26399210971869,True,104
104,4,2485,7487,16.583530464143678,1,3.1979988859296427,0.6617276388702977,345.75,705.0,373.0,701.0,196.4494775390625,400.56943359375003,211.93248046875001,398.29669921875,15.64892013079556,False,105
105,4,2486,7106,0.803532944199135,1,4.506259638011462,0.1791023055371192,357.0,1015.0,356.0,1016.0,202.84154296875002,576.70634765625,202.273359375,577.27453125,0.8035329441991044,False,106
106,4,2486,7152,0.803532944199135,1,5.037812399859002,0.3524504563104368,357.0,1015.0,358.0,1016.0,202.84154296875002,576.70634765625,203.40972656250003,577.27453125,0.8035329441991044,False,107
107,4,2499,3187,62.98618493310333,2,3.1151367590064694,1.0053344826677872,362.25,886.0,419.75,952.0,205.8245068359375,503.4106640625,238.4950634765625,540.91078125,49.735541218373385,False,108
108,4,2521,3163,42.44317048865532,2,3.1057730489546884,0.33105345851407897,368.0,275.25,418.25,225.0,209.0915625,156.39253417968752,237.64278808593753,127.84130859375001,40.377530446006546,False,109
109,4,2703,3554,34.52093359578877,2,2.8008180786428882,0.4974410769737124,369.75,615.0,420.6666666666667,591.6666666666666,210.0858837890625,349.43291015625005,239.01589843750003,336.17529296875,31.823107344335597,False,110
110,4,2703,2754,15.05722370523674,2,3.3155272368944564,0.3908394752288994,369.75,615.0,381.0,637.0,210.0858837890625,349.43291015625005,216.47794921875,361.93294921875,14.039568263355946,True,111
111,4,2723,6974,31.615307053478077,1,2.873067218739944,0.4782191416922915,377.0,41.75,351.0,84.0,214.20521484375,23.7216650390625,199.43244140625,47.727421875000005,28.18707498662935,False,112
112,4,2723,6173,46.983740856091714,1,3.067057813840665,0.4202283722682918,377.0,41.75,319.0,3.0,214.20521484375,23.7216650390625,181.25056640625002,1.70455078125,39.63284211207659,False,113
113,4,2723,3924,51.17662394213164,2,2.8490690111052883,0.3978650753866462,377.0,41.75,456.6666666666667,67.33333333333333,214.20521484375,23.7216650390625,259.47050781250005,38.2576953125,47.54201219613093,False,114
114,4,2754,4088,77.42660470341418,2,3.435016194979737,0.4121468917662461,381.0,637.0,503.75,614.0,216.47794921875,361.93294921875,286.2224853515625,348.86472656250004,70.95828890111792,False,115
115,4,2755,2940,36.37135324545459,2,2.824443593900454,0.6490750867874526,393.3333333333333,537.6666666666666,397.0,477.0,223.485546875,305.49337890625003,225.56888671875,271.02357421875,34.532705368953565,True,116
116,4,2755,3886,20.528039301102595,2,3.6145293988481413,0.43353674451657537,393.3333333333333,537.6666666666666,427.0,544.25,223.485546875,305.49337890625003,242.61439453125,309.23392089843753,19.49113816716046,False,117
117,4,2940,4087,91.37720401358773,2,2.9306613975307023,0.4345646186284633,397.0,477.0,478.0,355.0,225.56888671875,271.02357421875,271.5917578125,201.70517578125,83.20543867832158,False,118
118,4,3162,7505,14.910637895097409,1,2.9482407252127447,0.1917638185180708,399.0,702.0,374.0,699.0,226.70525390625002,398.8648828125,212.50066406250002,397.16033203125005,14.306497334953287,False,119
119,4,3162,9723,66.03736360726192,1,2.3921404842168883,0.5239503301440306,399.0,702.0,480.0,643.0,226.70525390625002,398.8648828125,272.72812500000003,365.34205078125,56.9375529076139,False,120
120,4,3162,3887,20.073391156135056,2,3.16857086216343,0.5292540108060828,399.0,702.0,429.0,715.25,226.70525390625002,398.8648828125,243.75076171875003,406.39331542968756,18.634018199452637,False,121
121,4,3163,9202,25.977673650702105,1,3.9050629218856194,0.748620409813331,418.25,225.0,459.0,215.0,237.64278808593753,127.84130859375001,260.79626953125,122.15947265625002,23.840448038136696,False,122
122,4,3187,9790,56.938543801693285,1,4.374528411628251,0.6245803601639391,419.75,952.0,484.0,1021.0,238.4950634765625,540.91078125,275.000859375,580.1154492187501,53.56938607748192,False,123
123,4,3187,3897,48.41758091506722,2,2.836498822469819,0.5192923936958439,419.75,952.0,432.3333333333333,872.6666666666666,238.4950634765625,540.91078125,245.64470703125002,495.83488281250004,45.63939113207906,False,124
124,4,3554,3886,28.854561580690493,2,2.6302770425172017,0.6999954514007254,420.6666666666667,591.6666666666666,427.0,544.25,239.01589843750003,336.17529296875,242.61439453125,309.23392089843753,27.180631029609057,False,125
125,4,3554,9965,53.058741243401855,1,2.455631932023243,0.4201490999536764,420.6666666666667,591.6666666666666,497.0,566.0,239.01589843750003,336.17529296875,282.38724609375004,321.59191406250005,45.75749925250023,False,126
126,4,3875,3944,30.494831172151468,2,5.208342705455688,0.3122438608725309,423.75,757.0,462.3333333333333,788.3333333333334,240.76779785156253,430.11498046875005,262.69021484375,447.91806640625003,28.240790280680187,True,127
127,4,3875,3922,12.151315807918937,2,3.7070907204292927,0.8653642825760742,423.75,757.0,439.3333333333333,743.6666666666666,240.76779785156253,430.11498046875005,249.6219921875,422.53919921875,11.65286311969721,False,128
128,4,3886,3916,5.629042358428685,2,4.421560364976415,0.41072209136492355,427.0,544.25,435.6666666666667,540.6666666666666,242.61439453125,309.23392089843753,247.53865234375004,307.1979296875,5.3285622089811895,False,129
129,4,3887,3922,18.51813104791531,2,2.9949314570914836,0.6272374010097559,429.0,715.25,439.3333333333333,743.6666666666666,243.75076171875003,406.39331542968756,249.6219921875,422.53919921875,17.180247685848066,False,130
130,4,3887,4227,83.10043623009558,2,3.2500659713422455,0.31093807714123434,429.0,715.25,546.25,657.0,243.75076171875003,406.39331542968756,310.37028808593755,373.29662109375005,74.38785162481082,False,131
131,4,3897,6989,71.45107387502175,1,3.7996899744141133,0.5189470039474424,432.3333333333333,872.6666666666666,351.0,801.0,245.64470703125002,495.83488281250004,199.43244140625,455.11505859375006,61.59283707219091,False,132
132,4,3897,3943,21.412331374793105,2,3.408079324983253,0.41382268821372636,432.3333333333333,872.6666666666666,460.25,893.0,245.64470703125002,495.83488281250004,261.5064990234375,507.38794921875007,19.62319516772553,False,133
133,4,3916,5000,136.13596514221265,2,3.397637830151285,0.38949997931346986,435.6666666666667,540.6666666666666,596.6666666666666,413.3333333333333,247.53865234375004,307.1979296875,339.01621093750003,234.84921875,116.62966904090439,False,134
134,4,3916,4530,70.11679337842219,2,3.2979857450514376,0.4092927431814619,435.6666666666667,540.6666666666666,547.75,518.0,247.53865234375004,307.1979296875,311.2225634765625,294.3191015625,64.97310790661972,False,135
135,4,3922,13630,147.72045508418284,1,2.757439675706349,0.4558502258841084,439.3333333333333,743.6666666666666,670.0,691.0,249.6219921875,422.53919921875,380.6830078125,392.61486328125005,134.43383390336245,False,136
136,4,3923,10333,51.69049970240724,1,2.8660995741006916,0.4189981751220929,445.6666666666667,322.6666666666667,521.0,288.0,253.22048828125003,183.33390625,296.02365234375003,163.636875,47.11776622278234,False,137
137,4,3923,4087,27.977903988910533,2,2.8156639231167455,0.42085371294066604,445.6666666666667,322.6666666666667,478.0,355.0,253.22048828125003,183.33390625,271.5917578125,201.70517578125,25.980898529105353,False,138
138,4,3924,9547,21.8743087231494,1,3.1470050278500943,0.39184800866388314,456.6666666666667,67.33333333333333,471.0,100.0,259.47050781250005,38.2576953125,267.61447265625003,56.81835937500001,20.26875461929556,False,139
139,4,3924,4086,20.576584821317176,2,2.592978931079896,0.36822771273370575,456.6666666666667,67.33333333333333,471.25,37.0,259.47050781250005,38.2576953125,267.75651855468755,21.02279296875,19.123279865604797,False,140
140,4,3943,4238,80.39626461185567,2,2.8799111282315186,0.47748788993350305,460.25,893.0,546.6666666666666,979.6666666666666,261.5064990234375,507.38794921875007,310.60703125,556.63052734375,69.53915275101086,False,141
141,4,3943,4184,34.31848266988048,2,3.2697075646565814,0.5046481337759541,460.25,893.0,515.0,907.0,261.5064990234375,507.38794921875007,292.61455078125005,515.34251953125,32.108971846249574,False,142
142,4,3944,4978,105.49951545539525,2,3.3002524108668703,0.5233627742012635,462.3333333333333,788.3333333333334,587.6666666666666,899.3333333333334,262.69021484375,447.91806640625003,333.90255859375003,510.98644531250005,95.12527697846922,False,143
143,4,3944,4185,32.816069984632286,2,5.126752056269537,0.3137862040787702,462.3333333333333,788.3333333333334,517.0,796.5,262.69021484375,447.91806640625003,293.75091796875,452.55823242187506,31.405388379575005,True,144
144,4,4066,9177,7.329281390643951,1,3.555444402789261,0.25822475110325077,465.0,18.0,458.0,8.0,264.20537109375005,10.2273046875,260.2280859375,4.54546875,6.935564637056847,False,145
145,4,4066,9421,1.3717165379491352,1,3.4634927388819867,0.4052725480004945,465.0,18.0,467.0,17.0,264.20537109375005,10.2273046875,265.34173828125,9.65912109375,1.270497139325086,False,146
146,4,4066,4086,12.216427841736575,2,3.048876021256485,0.41769203983470804,465.0,18.0,471.25,37.0,264.20537109375005,10.2273046875,267.75651855468755,21.02279296875,11.36455962718877,False,147
147,4,4086,4205,81.87733286285409,2,2.2998586952981785,0.5411078363431098,471.25,37.0,545.3333333333334,135.33333333333334,267.75651855468755,21.02279296875,309.849453125,76.89417968750001,69.95303420593508,False,148
148,4,4087,4977,80.35616410722413,2,2.5931690847338293,0.5529689975908522,478.0,355.0,587.0,325.0,271.5917578125,201.70517578125,333.52376953125,184.65966796875003,64.23490804941956,False,149
149,4,4088,4584,54.34957884150301,2,3.1307775390874486,0.4828430454662333,503.75,614.0,562.0,547.0,286.2224853515625,348.86472656250004,319.3191796875,310.79642578125004,50.44389656180615,False,150
150,4,4088,4227,36.62359219880777,2,3.376533963052009,0.5976073328732525,503.75,614.0,546.25,657.0,286.2224853515625,348.86472656250004,310.37028808593755,373.29662109375005,34.35162073737445,False,151
151,4,4184,10244,0.803532944199135,1,3.693193359375,0.2840917968750005,515.0,907.0,516.0,906.0,292.61455078125005,515.34251953125,293.18273437500005,514.7743359375,0.8035329441991044,False,152
152,4,4184,4238,51.38640407142862,2,2.97021837432493,0.3315241687158831,515.0,907.0,546.6666666666666,979.6666666666666,292.61455078125005,515.34251953125,310.60703125,556.63052734375,45.03808324677475,False,153
153,4,4185,5324,95.47845408078817,2,3.9048381588702124,1.34596885973419,517.0,796.5,652.6666666666666,859.6666666666666,293.75091796875,452.55823242187506,370.8344921875,488.44849609375,85.02933870596812,False,154
154,4,4185,4559,22.581116410722437,2,4.713867248153567,0.4848397522775889,517.0,796.5,555.0,792.0,293.75091796875,452.55823242187506,315.34189453125003,450.00140625000006,21.741840515366004,True,155
155,4,4199,9223,37.9213138057468,1,3.5598225692825127,1.0825839493035265,519.6666666666666,207.66666666666666,460.0,213.0,295.26607421875,117.99279296875001,261.364453125,121.02310546875,34.03678461065105,False,156
156,4,4199,4204,10.880559159776068,2,3.607089772905508,0.3799400136145933,519.6666666666666,207.66666666666666,526.25,191.0,295.26607421875,117.99279296875001,299.0066162109375,108.52306640625001,10.181717711851773,False,157
157,4,4199,11119,30.38850282150795,1,2.7292101998382976,0.6559964389056528,519.6666666666666,207.66666666666666,555.0,243.0,295.26607421875,117.99279296875001,315.34189453125003,138.06861328125,28.391497361702775,False,158
158,4,4204,4205,36.598820290335084,2,3.066962415798193,0.4609560158322809,526.25,191.0,545.3333333333334,135.33333333333334,299.0066162109375,108.52306640625001,309.849453125,76.89417968750001,33.43581294678621,False,159
159,4,4204,5090,52.55328155714645,2,2.371065553202935,0.617818679764222,526.25,191.0,614.75,197.0,299.0066162109375,108.52306640625001,349.29086425781253,111.93216796875001,50.3996783234089,False,160
160,4,4205,4560,53.95159312498381,2,3.157307297386237,0.4242205098933231,545.3333333333334,135.33333333333334,560.0,66.0,309.849453125,76.89417968750001,318.1828125,37.5001171875,40.265829666440595,False,161
161,4,4227,4976,25.44198502123611,2,3.92918908592806,0.45319608468351286,546.25,657.0,586.3333333333334,647.6666666666666,310.37028808593755,373.29662109375005,333.1449804687501,367.99357421875,23.383945759648586,False,162
162,4,4238,12054,41.55720491080453,1,2.5561879711109907,0.40642831370428373,546.6666666666666,979.6666666666666,597.0,1022.0,310.60703125,556.63052734375,339.20560546875004,580.6836328125,37.36884170048848,False,163
163,4,4530,5000,71.02959819666087,2,3.4118351965670266,0.4392083095382803,547.75,518.0,596.6666666666666,413.3333333333333,311.2225634765625,294.3191015625,339.01621093750003,234.84921875,65.64414521429433,False,164
164,4,4530,4584,19.740556912834194,2,3.285318654011255,0.39599669047076247,547.75,518.0,562.0,547.0,311.2225634765625,294.3191015625,319.3191796875,310.79642578125004,18.359123276371943,False,165
165,4,4559,5323,61.06225092853895,2,4.60208546791479,0.41173285874729887,555.0,792.0,649.6666666666666,763.6666666666666,315.34189453125003,450.00140625000006,369.12994140625,433.90287109375004,56.14549688803378,False,166
166,4,4559,5338,70.72954027265104,2,3.714488461790623,0.41168424607092635,555.0,792.0,655.25,784.0,315.34189453125003,450.00140625000006,372.30229980468755,445.45593750000006,57.1414827867765,True,167
167,4,4560,11213,0.8035329441991396,1,2.9503401309018553,0.10942216215184117,560.0,66.0,559.0,67.0,318.1828125,37.5001171875,317.61462890625,38.06830078125,0.8035329441991396,False,168
168,4,4560,11180,41.79351082369046,1,2.7024822243047466,0.5099964382384287,560.0,66.0,558.0,0.0,318.1828125,37.5001171875,317.04644531250005,0.0,37.51733092133634,False,169
169,4,4584,5022,31.371236350487024,2,3.346411346322867,0.4064953722690966,562.0,547.0,611.0,534.0,319.3191796875,310.79642578125004,347.16017578125,303.4100390625,28.804162411900283,False,170
170,4,4928,11141,6.290399095995674,1,2.9567753084181176,0.26610083045887795,565.0,250.0,556.0,245.0,321.02373046875005,142.0458984375,315.91007812500004,139.20498046875002,5.849808133426806,False,171
171,4,4928,10354,38.505547955427495,1,2.5996005039342642,0.44057938771338967,565.0,250.0,522.0,290.0,321.02373046875005,142.0458984375,296.59183593750004,164.77324218750002,33.36839259414198,False,172
172,4,4928,5021,28.660298238872706,2,2.2106636494081626,0.5089329606955337,565.0,250.0,610.3333333333334,256.3333333333333,321.02373046875005,142.0458984375,346.78138671875007,145.64439453125001,26.007807089985487,False,173
173,4,4976,12232,46.955145977640676,1,2.4826304397353547,0.6625468458317694,586.3333333333334,647.6666666666666,606.0,575.0,333.1449804687501,367.99357421875,344.31925781250004,326.70556640625,42.773403690612504,False,174
174,4,4976,5342,57.275525954485175,2,3.391638657178927,0.4137856219651024,586.3333333333334,647.6666666666666,681.6666666666666,640.6666666666666,333.1449804687501,367.99357421875,387.31181640625,364.0162890625,54.31265886231458,False,175
175,4,4977,11743,0.8035329441991446,1,4.261376953125001,0.2840917968749943,587.0,325.0,586.0,324.0,333.52376953125,184.65966796875003,332.9555859375,184.09148437500002,0.8035329441991446,False,176
176,4,4977,5003,22.82387208041488,2,3.0096359188933874,0.5154447540260326,587.0,325.0,609.3333333333334,294.6666666666667,333.52376953125,184.65966796875003,346.21320312500006,167.42476562500002,21.40242004374252,False,177
177,4,4978,5091,54.96934005276441,2,2.7411258097540867,0.5548660779806633,587.6666666666666,899.3333333333334,626.3333333333334,979.6666666666666,333.90255859375003,510.98644531250005,355.87232421875007,556.63052734375,50.65622198795435,False,178
178,4,4978,13279,43.513830805863996,1,2.1951801833385054,0.6087345382368292,587.6666666666666,899.3333333333334,654.0,916.0,333.90255859375003,510.98644531250005,371.5920703125,520.456171875,38.86097032713298,False,179
179,4,5000,5484,63.188561038050125,2,3.5190688203596268,0.47091923402459823,596.6666666666666,413.3333333333333,692.0,375.0,339.01621093750003,234.84921875,393.18304687500006,213.06884765625003,58.381766678146214,False,180
180,4,5003,5021,22.99462535471873,2,3.0111621707696834,0.5618797917803912,609.3333333333334,294.6666666666667,610.3333333333334,256.3333333333333,346.21320312500006,167.42476562500002,346.78138671875007,145.64439453125001,21.78778092366608,False,181
181,4,5003,5340,40.64472962186475,2,2.5434536377474104,0.5073181470512392,609.3333333333334,294.6666666666667,673.0,297.75,346.21320312500006,167.42476562500002,382.38755859375004,169.17666503906253,36.21675227206982,False,182
182,4,5021,5141,24.79157621788346,2,2.985124512743648,0.40796434348375576,610.3333333333334,256.3333333333333,636.3333333333334,229.33333333333334,346.78138671875007,145.64439453125001,361.5541601562501,130.30343750000003,21.29741293374301,False,183
183,4,5022,5341,70.76991754250366,2,2.7618533097087377,0.40187207681691306,611.0,534.0,678.3333333333334,465.3333333333333,347.16017578125,303.4100390625,385.4178710937501,264.394765625,54.64286606709959,False,184
184,4,5022,5327,25.77083474990806,2,2.909738323618615,0.367598262950343,611.0,534.0,654.6666666666666,536.3333333333334,347.16017578125,303.4100390625,371.97085937500003,304.73580078125,24.846079459827845,False,185
185,4,5090,12833,49.17201523687184,1,2.84630726401808,0.4306817454248507,614.75,197.0,634.0,120.0,349.29086425781253,111.93216796875001,360.2283984375,68.18203125000001,45.09660870665497,False,186
186,4,5090,5141,23.360397461961213,2,3.015866956374379,0.37714246021395326,614.75,197.0,636.3333333333334,229.33333333333334,349.29086425781253,111.93216796875001,361.5541601562501,130.30343750000003,22.08827676579752,False,187
187,4,5091,12964,28.562813346020935,1,2.6007285635887896,0.5397201764219602,626.3333333333334,979.6666666666666,639.0,1023.0,355.87232421875007,556.63052734375,363.06931640625004,581.2518164062501,25.65159978726709,False,188
188,4,5091,13440,34.885426051293294,1,3.121646136724148,0.3181370093915829,626.3333333333334,979.6666666666666,660.0,1020.0,355.87232421875007,556.63052734375,375.001171875,579.547265625,29.851125709214518,False,189
189,4,5141,5503,48.59470912521601,2,2.8539826857768,0.38540779755258303,636.3333333333334,229.33333333333334,704.0,185.75,361.5541601562501,130.30343750000003,400.00125,105.5401025390625,45.731843127529544,False,190
190,4,5323,5696,63.799642631063485,2,3.5471876332004943,0.44733344561307986,649.6666666666666,763.6666666666666,730.3333333333334,694.6666666666666,369.12994140625,433.90287109375004,414.96341796875004,394.698203125,60.31346088847144,False,191
191,4,5323,5338,12.817106399770509,2,4.537169415786853,0.5065916792140521,649.6666666666666,763.6666666666666,655.25,784.0,369.12994140625,433.90287109375004,372.30229980468755,445.45593750000006,11.980701197983368,False,192
192,4,5324,5628,42.78664738764898,2,3.2623420708646567,0.6047487139886043,652.6666666666666,859.6666666666666,718.3333333333334,879.3333333333334,370.8344921875,488.44849609375,408.14521484375007,499.6227734375001,38.94810007287464,False,193
193,4,5324,13587,33.71684525451661,1,2.776300977409971,0.7812561142550681,652.6666666666666,859.6666666666666,668.0,911.0,370.8344921875,488.44849609375,379.546640625,517.61525390625,30.44012634155883,False,194
194,12,5325,12719,42.779230090463585,1,2.662520667028867,0.6023484789972084,653.8333333333334,63.833333333333336,629.0,0.0,371.49737304687505,36.269052734375,357.38748046875,0.0,38.91700469993936,True,195
195,12,5325,12967,24.323254310764526,1,3.3148390317387095,0.45854580900225533,653.8333333333334,63.833333333333336,640.0,101.0,371.49737304687505,36.269052734375,363.63750000000005,57.38654296875001,22.532776085336575,False,196
196,12,5325,14193,49.52523025949284,1,2.236312077747704,0.5977267083533545,653.8333333333334,63.833333333333336,700.0,0.0,371.49737304687505,36.269052734375,397.72851562500006,0.0,44.76066383782525,True,197
197,12,5325,14571,37.74521260788064,1,3.170877940097505,0.5328084314711456,653.8333333333334,63.833333333333336,715.0,77.0,371.49737304687505,36.269052734375,406.25126953125005,43.75013671875001,35.5499639722451,False,198
198,4,5327,5341,45.85127375442467,2,2.5642015725872933,0.4648273720505489,654.6666666666666,536.3333333333334,678.3333333333334,465.3333333333333,371.97085937500003,304.73580078125,385.4178710937501,264.394765625,42.52318475422557,False,199
199,4,5327,13429,38.03043965102199,1,2.799889805741546,0.47752369534409356,654.6666666666666,536.3333333333334,660.0,585.0,371.97085937500003,304.73580078125,375.001171875,332.38740234375,27.81715051580424,False,200
200,4,5338,5466,21.651503695220498,2,3.997944953280622,1.0104169696473646,655.25,784.0,691.6666666666666,788.3333333333334,372.30229980468755,445.45593750000006,392.99365234375,447.91806640625003,20.837325851623998,True,201
201,4,5340,5568,47.79487704574546,2,2.9066748306023413,0.45202376128018357,673.0,297.75,712.6666666666666,237.66666666666666,382.38755859375004,169.17666503906253,404.92550781250003,135.03830078125,40.90705402722182,False,202
202,4,5340,5566,20.576706926567024,2,2.9263392232632173,0.31280564904777114,673.0,297.75,704.3333333333334,308.3333333333333,382.38755859375004,169.17666503906253,400.19064453125003,175.18994140625,18.791204367101784,False,203
203,4,5341,5945,44.02928743855922,2,2.8698337757750947,0.47270243654531213,678.3333333333334,465.3333333333333,748.75,476.0,385.4178710937501,264.394765625,425.42746582031253,270.455390625,40.466020876463745,False,204
204,4,5342,5712,59.635947497001425,2,2.8250617859852594,0.4988138992191263,681.6666666666666,640.6666666666666,736.3333333333334,559.3333333333334,387.31181640625,364.0162890625,418.3725195312501,317.80402343750006,55.68070377442207,False,205
205,4,5342,5567,14.91035654009033,2,3.5189670648225313,0.719022188325466,681.6666666666666,640.6666666666666,705.6666666666666,646.3333333333334,387.31181640625,364.0162890625,400.94822265625004,367.23599609375003,14.011355708214724,False,206
206,4,5358,13079,30.284092185524443,1,2.539159147663625,0.42938828816536767,688.75,346.0,646.0,323.0,391.3364501953125,196.59152343750003,367.04660156250003,183.52330078125001,27.582153469195784,False,207
207,4,5358,5484,17.66291442878743,2,2.518085538933426,0.7218827937904114,688.75,346.0,692.0,375.0,391.3364501953125,196.59152343750003,393.18304687500006,213.06884765625003,16.58047444156042,False,208
208,4,5358,5566,24.918917830144828,2,2.680462724677531,0.4175494371009653,688.75,346.0,704.3333333333334,308.3333333333333,391.3364501953125,196.59152343750003,400.19064453125003,175.18994140625,23.16083916396105,False,209
209,4,5466,5585,15.059861950111122,2,3.250905233646689,0.6353368725028093,691.6666666666666,788.3333333333334,713.6666666666666,778.6666666666666,392.99365234375,447.91806640625003,405.49369140625004,442.425625,13.653493661518153,False,210
210,4,5466,6100,46.87690528266701,2,3.9947158059382333,0.4506025367827774,691.6666666666666,788.3333333333334,757.6666666666666,825.3333333333334,392.99365234375,447.91806640625003,430.49376953125,468.94085937500006,42.9908898870814,True,211
211,4,5484,5485,5.349001694199135,2,3.9291907106149724,0.23963509245713108,692.0,375.0,701.0,374.0,393.18304687500006,213.06884765625003,398.29669921875,212.50066406250002,5.1451212705772065,False,212
212,4,5485,14233,0.8035329441991446,1,3.7133831417478396,0.30428157924783844,701.0,374.0,702.0,373.0,398.29669921875,212.50066406250002,398.8648828125,211.93248046875001,0.8035329441991446,False,213
213,4,5485,5697,19.73183556029223,2,2.2735216768908413,0.4672987630051933,701.0,374.0,732.0,383.0,398.29669921875,212.50066406250002,415.91039062500005,217.61431640625003,18.340980487622424,False,214
214,4,5503,6129,101.52148355052329,2,3.0179075872612002,0.6909845926281142,704.0,185.75,771.75,99.0,400.00125,105.5401025390625,438.4956884765625,56.25017578125001,62.54053624183579,False,215
215,4,5503,5568,32.735623685047386,2,3.168032404716701,0.37219584319484667,704.0,185.75,712.6666666666666,237.66666666666666,400.00125,105.5401025390625,404.92550781250003,135.03830078125,29.90638752071806,False,216
216,4,5566,5666,13.570853611417844,2,3.0056444879653785,0.5117011825055978,704.3333333333334,308.3333333333333,723.3333333333334,299.3333333333333,400.19064453125003,175.18994140625,410.98613281250005,170.0762890625,11.9453759891996,False,217
217,4,5567,6098,35.887913295824774,2,3.261216516091361,0.48988008562408175,705.6666666666666,646.3333333333334,755.75,619.0,400.94822265625004,367.23599609375003,429.4047509765625,351.70564453125,32.418603049785986,False,218
218,4,5567,5696,33.15973990317574,2,3.273891025065893,0.5944665503729816,705.6666666666666,646.3333333333334,730.3333333333334,694.6666666666666,400.94822265625004,367.23599609375003,414.96341796875004,394.698203125,30.831777676202165,False,219
219,4,5568,5666,37.54838135270743,2,2.971396556337664,0.4986591983472152,712.6666666666666,237.66666666666666,723.3333333333334,299.3333333333333,404.92550781250003,135.03830078125,410.98613281250005,170.0762890625,35.55828733484836,False,220
220,4,5585,6288,63.70019470076703,2,2.7880115895963336,0.25906896106645666,713.6666666666666,778.6666666666666,794.25,743.0,405.49369140625004,442.425625,451.27981933593753,422.16041015625,50.07043482392634,False,221
221,4,5585,6288,61.4523520445964,2,2.029228557418439,0.37365332082931874,713.6666666666666,778.6666666666666,794.25,743.0,405.49369140625004,442.425625,451.27981933593753,422.16041015625,50.07043482392634,False,222
222,4,5628,14796,49.09001589504329,1,2.560989775415795,0.3918788255049814,718.3333333333334,879.3333333333334,723.0,957.0,408.14521484375007,499.6227734375001,410.79673828125004,543.75169921875,44.20851351432973,False,223
223,4,5628,6287,62.96428993001007,2,2.30160028851715,0.5665065796396639,718.3333333333334,879.3333333333334,786.3333333333334,946.6666666666666,408.14521484375007,499.6227734375001,446.7816992187501,537.88046875,54.373055601866774,False,224
224,4,5666,5964,19.735029202239563,2,2.6378921811483558,0.5469463839478699,723.3333333333334,299.3333333333333,754.6666666666666,290.6666666666667,410.98613281250005,170.0762890625,428.78921875000003,165.15203125000002,18.471550663167854,False,225
225,4,5696,16010,48.33850346801333,1,2.6573941506739227,0.4824397730371834,730.3333333333334,694.6666666666666,779.0,646.0,414.96341796875004,394.698203125,442.61501953125,367.04660156250003,39.10526995102455,False,226
226,4,5697,6507,71.13429018765152,2,2.5972227740877867,0.5094975659797816,732.0,383.0,831.0,376.0,415.91039062500005,217.61431640625003,472.16056640625004,213.63703125,56.39061156465365,False,227
227,4,5697,15003,0.803532944199135,1,2.3077076733871422,0.034973298387155766,732.0,383.0,733.0,384.0,415.91039062500005,217.61431640625003,416.47857421875005,218.1825,0.8035329441991245,False,228
228,4,5712,14098,32.19053849560973,1,2.5202013402648014,0.41375084711294136,736.3333333333334,559.3333333333334,694.0,529.0,418.3725195312501,317.80402343750006,394.3194140625,300.56912109375,29.590433276473235,False,229
229,4,5712,5945,55.49838429410593,2,2.6820100427372706,0.49092486687429354,736.3333333333334,559.3333333333334,748.75,476.0,418.3725195312501,317.80402343750006,425.42746582031253,270.455390625,47.87134107537111,False,230
230,4,5945,6663,90.48682294884559,2,2.422798182095529,0.6381281772527532,748.75,476.0,831.25,560.0,425.42746582031253,270.455390625,472.30261230468756,318.1828125,66.8968321878237,False,231
231,4,5963,15205,3.6444509129491354,1,4.109538203477386,0.5604116681008621,752.0,20.0,746.0,19.0,427.2740625,11.363671875000001,423.86496093750003,10.795488281250002,3.45612587439267,False,232
232,4,5963,15350,0.8035329441991396,1,4.261376953125001,0.2840917968750068,752.0,20.0,753.0,19.0,427.2740625,11.363671875000001,427.84224609375,10.795488281250002,0.8035329441991396,False,233
233,4,5963,6116,9.913714642077203,2,3.5428386420169917,0.5745990201091553,752.0,20.0,764.6666666666666,30.333333333333332,427.2740625,11.363671875000001,434.47105468750004,17.23490234375,9.288059203305865,False,234
234,4,5964,6347,45.92386692844701,2,2.8776615458555392,0.5240421203985254,754.6666666666666,290.6666666666667,815.6666666666666,252.66666666666666,428.78921875000003,165.15203125000002,463.44841796875,143.56105468750002,40.834181262851615,False,235
235,4,5964,6694,52.10945924114358,2,2.91084601212919,0.375096371250385,754.6666666666666,290.6666666666667,835.3333333333334,302.6666666666667,428.78921875000003,165.15203125000002,474.62269531250007,171.97023437500002,46.33784055886722,False,236
236,4,6098,6663,58.43307024314669,2,2.816100800681881,0.406422356565799,755.75,619.0,831.25,560.0,429.4047509765625,351.70564453125,472.30261230468756,318.1828125,54.442692566794,False,237
237,4,6098,6330,37.832550265437035,2,3.3776182364301763,0.29988907017875527,755.75,619.0,811.6666666666666,643.6666666666666,429.4047509765625,351.70564453125,461.17568359375,365.72083984375,34.72488817855848,False,238
238,4,6100,6484,48.57093321858084,2,2.637150015325665,0.6722597300411094,757.6666666666666,825.3333333333334,820.0,867.25,430.49376953125,468.94085937500006,465.910546875,492.7572216796875,42.67982229162749,False,239
239,4,6100,6752,61.73167576710244,2,3.059523238892602,0.44606250378753787,757.6666666666666,825.3333333333334,858.6666666666666,806.6666666666666,430.49376953125,468.94085937500006,487.8803125,458.33476562500005,58.358414462166294,True,240
240,4,6116,6130,40.15075764163478,2,2.8868711382778214,0.4370285894160553,764.6666666666666,30.333333333333332,775.0,93.0,434.47105468750004,17.23490234375,440.34228515625006,52.84107421875,36.08698966122306,False,241
241,4,6116,6270,13.482774886372262,2,2.750049929962861,0.5466242297896088,764.6666666666666,30.333333333333332,786.75,30.0,434.47105468750004,17.23490234375,447.01844238281257,17.045507812500002,12.548817006592593,False,242
242,4,6129,16181,88.24574678604948,1,2.8185143210489776,0.3610071302727868,771.75,99.0,788.0,205.0,438.4956884765625,56.25017578125001,447.72867187500003,116.47763671875,60.93106788341979,False,243
243,4,6129,6130,4.08349140164369,2,4.039892920376111,0.34005397111024305,771.75,99.0,775.0,93.0,438.4956884765625,56.25017578125001,440.34228515625006,52.84107421875,3.877098497700698,False,244
244,4,6130,6328,17.330080185486533,2,2.8790620288369846,0.6432273392355383,775.0,93.0,803.0,86.75,440.34228515625006,52.84107421875,456.25142578125,49.2899267578125,16.300656542463162,False,245
245,4,6270,6329,23.767187196871408,2,2.9349436462274046,0.839960297720987,786.75,30.0,804.25,63.0,447.01844238281257,17.045507812500002,456.96165527343754,35.79556640625,21.223387567901337,False,246
246,4,6270,16625,16.899638944084145,1,2.269163295563827,0.9444345550517482,786.75,30.0,808.0,13.0,447.01844238281257,17.045507812500002,459.09234375000005,7.386386718750001,15.46213809692237,False,247
247,4,6287,16661,49.60926011615633,1,2.3191002079106875,0.6094005926887966,786.3333333333334,946.6666666666666,809.0,1021.0,446.7816992187501,537.88046875,459.66052734375006,580.1154492187501,44.1549293858454,False,248
248,4,6287,17201,51.46023516289501,1,2.8278412751895465,0.5536069848547932,786.3333333333334,946.6666666666666,829.0,904.0,446.7816992187501,537.88046875,471.02419921875,513.63796875,34.28407228582969,False,249
249,4,6288,17340,33.07160569089692,1,2.4870155083856624,0.44992720858924545,794.25,743.0,835.0,741.0,451.27981933593753,422.16041015625,474.43330078125007,421.02404296875005,23.18135098356561,False,250
250,4,6328,6329,13.738553159803395,2,3.1457163464257407,0.5438513997055906,803.0,86.75,804.25,63.0,456.25142578125,49.2899267578125,456.96165527343754,35.79556640625,13.513037675866773,False,251
251,4,6328,6664,24.37562825011729,2,2.278205468574663,0.5133178515640798,803.0,86.75,832.25,115.0,456.25142578125,49.2899267578125,472.87079589843756,65.34111328125,23.10506550309364,False,252
252,4,6329,16662,42.202922755642575,1,2.4393672845806367,0.6765999631302044,804.25,63.0,810.0,13.0,456.96165527343754,35.79556640625,460.2287109375,7.386386718750001,28.596418363647317,False,253
253,4,6330,6784,52.375412386886985,2,2.6828749648534593,0.469994445903134,811.6666666666666,643.6666666666666,882.6666666666666,599.6666666666666,461.17568359375,365.72083984375,501.51671875,340.72076171875,47.45948823716813,False,254
254,4,6330,6771,35.640694830285,2,2.9742649555549465,0.4234799537375283,811.6666666666666,643.6666666666666,869.6666666666666,652.6666666666666,461.17568359375,365.72083984375,494.13033203125,370.8344921875,33.34903737639156,False,255
255,4,6347,6852,58.41882118001018,2,2.3842188712250545,0.6777082140693412,815.6666666666666,252.66666666666666,895.6666666666666,221.33333333333334,463.44841796875,143.56105468750002,508.90310546875,125.75796875000002,48.81678486566552,False,256
256,4,6347,6694,32.97802088387815,2,2.2776924615528205,0.6831081770045871,815.6666666666666,252.66666666666666,835.3333333333334,302.6666666666667,463.44841796875,143.56105468750002,474.62269531250007,171.97023437500002,30.527790039105497,False,257
257,13,6428,7934,57.10101632821967,0,2.330892768357186,0.527006838410266,330.0,138.0,396.0,89.0,187.5005859375,78.4093359375,225.00070312500003,50.56833984375,46.70524437971005,True,258
258,4,6484,17200,21.862524036854705,1,3.1068117718303205,0.35791170618327234,820.0,867.25,829.0,902.0,465.910546875,492.7572216796875,471.02419921875,512.5016015625,20.395832350005985,False,259
259,4,6484,17934,32.556826560524456,1,1.904277334467904,0.6641110345421711,820.0,867.25,869.0,847.0,465.910546875,492.7572216796875,493.75154296875,481.25150390625004,30.124783899211586,False,260
260,4,6506,15195,53.35467091891153,1,2.184694230037933,0.4992555038794214,826.6666666666666,404.6666666666667,745.0,403.0,469.6984375,229.92496093750003,423.29677734375,228.97798828125002,46.41132213660588,False,261
261,4,6506,6507,17.248080843658066,2,3.969706197754785,0.5338367177927861,826.6666666666666,404.6666666666667,831.0,376.0,469.6984375,229.92496093750003,472.16056640625004,213.63703125,16.472969746100325,False,262
262,4,6506,6735,14.797263990965444,2,2.730422539201784,0.5718310885012806,826.6666666666666,404.6666666666667,844.0,423.25,469.6984375,229.92496093750003,479.546953125,240.48370605468753,14.43884893146265,False,263
263,4,6507,18494,52.90510758488094,1,2.622674455267867,0.4650803770799361,831.0,376.0,893.0,338.0,472.16056640625004,213.63703125,507.38794921875007,192.0460546875,41.31753585030025,False,264
264,4,6663,6773,23.700529672194918,2,2.986585567318491,0.5653199211840267,831.25,560.0,871.6666666666666,556.6666666666666,472.30261230468756,318.1828125,495.26669921875003,316.2888671875,23.042055391031337,False,265
265,4,6664,16201,74.56896097130374,1,2.8624915255675365,0.6539952832072109,832.25,115.0,789.0,203.0,472.87079589843756,65.34111328125,448.29685546875004,115.34126953125,55.71260336105508,False,266
266,4,6664,6772,25.29225374344116,2,3.4647934535561644,0.5774767076909436,832.25,115.0,870.6666666666666,99.66666666666667,472.87079589843756,65.34111328125,494.698515625,56.628964843750005,23.50214626068006,False,267
267,4,6694,6828,29.743938465317893,2,2.654237563971401,0.42215261113455,835.3333333333334,302.6666666666667,884.75,296.0,474.62269531250007,171.97023437500002,502.70043457031255,168.18234375,28.33209411986109,False,268
268,4,6735,6736,54.507992032439105,2,2.577467089620313,0.48397261056235025,844.0,423.25,849.0,508.0,479.546953125,240.48370605468753,482.38787109375005,288.637265625,48.23728966470648,False,269
269,4,6735,7240,42.66191388610078,2,2.2211141615054437,0.5981474699083458,844.0,423.25,905.3333333333334,432.3333333333333,479.546953125,240.48370605468753,514.395546875,245.64470703125002,35.22868742137038,False,270
270,4,6736,17577,0.8035329441991446,1,3.6931933593750013,0.2840917968750005,849.0,508.0,848.0,509.0,482.38787109375005,288.637265625,481.81968750000004,289.20544921875,0.8035329441991446,False,271
271,4,6736,6753,11.071217196444827,2,3.1377671244614853,0.300811200124777,849.0,508.0,866.0,514.0,482.38787109375005,288.637265625,492.04699218750005,292.04636718750004,10.243075405715144,False,272
272,4,6752,6850,39.97906113526312,2,2.8963059110914857,0.6467852101766386,858.6666666666666,806.6666666666666,885.0,749.75,487.8803125,458.33476562500005,502.84248046875007,425.99564941406254,35.63263823560657,False,273
273,4,6752,7395,49.2820935747852,2,3.2199120926900076,0.6007427874629505,858.6666666666666,806.6666666666666,922.0,810.8,487.8803125,458.33476562500005,523.8652734375,460.6832578125,36.06151451656117,True,274
274,4,6753,6773,25.673349857056273,2,3.03952641923436,0.5746281533169962,866.0,514.0,871.6666666666666,556.6666666666666,492.04699218750005,292.04636718750004,495.26669921875003,316.2888671875,24.45537404369596,False,275
275,4,6753,17888,0.8035329441991446,1,3.453279886688099,0.14022868409152756,866.0,514.0,867.0,513.0,492.04699218750005,292.04636718750004,492.61517578125006,291.47818359375003,0.8035329441991446,False,276
276,4,6771,7258,26.277731574711847,2,2.519959860599928,0.40693786594523507,869.6666666666666,652.6666666666666,906.75,639.0,494.13033203125,370.8344921875,515.2004736328125,363.06931640625004,22.455485343755242,False,277
277,4,6771,18597,32.85620698221142,1,2.107915564188192,0.4202324043886392,869.6666666666666,652.6666666666666,895.0,692.0,494.13033203125,370.8344921875,508.52431640625,393.18304687500006,26.5827892217488,False,278
278,4,6772,7129,40.960960207055095,2,2.9243313613021082,0.5771681892700578,870.6666666666666,99.66666666666667,897.0,38.25,494.698515625,56.628964843750005,509.66068359375004,21.7330224609375,37.968319229453115,False,279
279,4,6772,7864,65.49474693977096,2,3.038078407496619,0.5849548304480983,870.6666666666666,99.66666666666667,980.0,106.0,494.698515625,56.628964843750005,556.8199218750001,60.227460937500005,62.22554369882421,False,280
280,4,6773,6784,28.392172569132455,2,2.733286759829198,0.6914770346008485,871.6666666666666,556.6666666666666,882.6666666666666,599.6666666666666,495.26669921875003,316.2888671875,501.51671875,340.72076171875,25.21864815027027,False,281
281,4,6784,7376,26.038003857211514,2,2.273927292707129,0.6227800970483648,882.6666666666666,599.6666666666666,912.0,631.0,501.51671875,340.72076171875,518.1834375000001,358.52384765625004,24.387074092428886,False,282
282,4,6828,6852,45.040815067093725,2,2.689673340506993,0.5404060015026833,884.75,296.0,895.6666666666666,221.33333333333334,502.70043457031255,168.18234375,508.90310546875,125.75796875000002,42.875409274022644,False,283
283,4,6828,7238,12.110936243173203,2,3.134739757673042,0.44788022807457895,884.75,296.0,901.3333333333334,305.3333333333333,502.70043457031255,168.18234375,512.1228125,173.485390625,10.812192747463792,False,284
284,4,6850,18541,34.26507820650297,1,3.1539453770168278,0.5383680663195318,885.0,749.75,894.0,694.0,502.84248046875007,425.99564941406254,507.9561328125,394.3194140625,32.08634174131291,False,285
285,4,6850,7419,30.48790542901954,2,3.310728269442822,0.36566889472889624,885.0,749.75,932.0,757.75,502.84248046875007,425.99564941406254,529.547109375,430.54111816406254,27.088715199834514,False,286
286,4,6851,17902,71.23356839502033,1,2.1685004740529252,0.4907231088561328,895.0,968.75,867.0,1014.0,508.52431640625,550.4278564453125,492.61517578125006,576.1381640625001,30.234428607077042,False,287
287,4,6851,7350,18.657113612600085,2,1.9692159373455937,0.7990886342785486,895.0,968.75,910.0,944.75,508.52431640625,550.4278564453125,517.0470703125001,536.7914501953126,16.080699908944812,True,288
288,4,6851,7895,59.14294126447236,2,2.6707594535533747,0.7115983097651818,895.0,968.75,981.75,1005.0,508.52431640625,550.4278564453125,557.8142431640625,571.0245117187501,53.42021235677883,True,289
289,4,6852,7400,25.567305156313154,2,2.4403949842800023,0.6329870836966142,895.6666666666666,221.33333333333334,924.0,191.0,508.90310546875,125.75796875000002,525.001640625,108.52306640625001,23.583992303586292,False,290
290,4,7129,17978,20.11377072088071,1,2.485086267198358,0.6135227923482762,897.0,38.25,872.0,19.0,509.66068359375004,21.7330224609375,495.45609375000004,10.795488281250002,17.92763304401889,False,291
291,4,7129,19589,25.462894520329655,1,2.8289646909555697,0.7190629655246632,897.0,38.25,935.0,23.0,509.66068359375004,21.7330224609375,531.2516601562501,13.06822265625,23.264759284758103,False,292
292,4,7238,18534,19.102137034928894,1,2.742310685108871,0.43941163481240414,901.3333333333334,305.3333333333333,894.0,336.0,512.1228125,173.485390625,507.9561328125,190.90968750000002,17.915561425932488,False,293
293,4,7238,7418,18.396922201517047,2,3.3127438115180343,1.1013189417208302,901.3333333333334,305.3333333333333,931.5714285714286,300.2857142857143,512.1228125,173.485390625,529.3036021205357,170.61741629464288,17.418519131794636,False,294
294,4,7239,17976,20.29583771320212,1,2.7573401723091924,0.6062712490517731,901.75,858.0,871.0,846.0,512.3595556640626,487.50152343750005,494.88791015625003,480.68332031250003,18.7549004424024,False,295
295,4,7239,7377,34.813510379593716,2,2.9205803568929367,0.7385196717965189,901.75,858.0,913.3333333333334,914.6666666666666,512.3595556640626,487.50152343750005,518.9410156250001,519.69859375,32.86285063602195,True,296
296,4,7239,7395,31.493594421778994,2,3.186999243996334,0.41747466555475804,901.75,858.0,922.0,810.8,512.3595556640626,487.50152343750005,523.8652734375,460.6832578125,29.1822019836587,True,297
297,4,7240,17995,43.7242884374838,1,3.027367980409628,0.5363942405060429,905.3333333333334,432.3333333333333,872.0,495.0,514.395546875,245.64470703125002,495.45609375000004,281.25087890625,40.32991892213662,False,298
298,4,7240,7550,57.46702303812725,2,3.635494055607904,0.3287400475901742,905.3333333333334,432.3333333333333,942.25,352.0,514.395546875,245.64470703125002,535.3709912109375,200.000625,50.23297213549574,False,299
299,4,7258,7376,5.690557290042017,2,1.5096177279492715,0.8270269916701567,906.75,639.0,912.0,631.0,515.2004736328125,363.06931640625004,518.1834375000001,358.52384765625004,5.4368519926675445,False,300
300,4,7258,20030,38.80672398652465,1,2.255566756975068,0.43751168254018447,906.75,639.0,954.0,643.0,515.2004736328125,363.06931640625004,542.0471484375,365.34205078125,26.94270345767011,False,301
301,4,7350,7377,18.263592986821436,2,2.7893997734096496,0.4184903468215546,910.0,944.75,913.3333333333334,914.6666666666666,517.0470703125001,536.7914501953126,518.9410156250001,519.69859375,17.197464066158258,True,302
302,4,7350,21189,72.06087724585458,1,2.3961490187938903,0.6106731324368817,910.0,944.75,1019.0,926.0,517.0470703125001,536.7914501953126,578.9790820312501,526.1380078125001,62.84162561658708,False,303
303,4,7376,19982,25.316186604940473,1,2.3423330920715606,0.3460336800325419,912.0,631.0,952.0,642.0,518.1834375000001,358.52384765625004,540.91078125,364.77386718750006,23.57106060557453,False,304
304,4,7377,19967,36.82532618299242,1,1.9233172749791339,0.7485155291913542,913.3333333333334,914.6666666666666,951.0,887.0,518.9410156250001,519.69859375,540.3425976562501,503.97884765625,26.55443711872441,False,305
305,4,7395,7551,17.4579974799538,2,2.520314390217436,0.7490415904124845,922.0,810.8,946.75,797.0,523.8652734375,460.6832578125,537.9278173828126,452.84232421875004,16.10078823646356,False,306
306,4,7400,20132,51.20055680363094,1,2.5784163812049807,0.4751221680867358,924.0,191.0,961.0,139.0,525.001640625,108.52306640625001,546.02443359375,78.97751953125001,36.26151078415991,False,307
307,4,7400,21242,69.68181452021105,1,2.3130759948626944,0.49542349853987283,924.0,191.0,1022.0,204.0,525.001640625,108.52306640625001,580.6836328125,115.90945312500001,56.16976911762889,False,308
308,14,7417,21183,110.30618183711069,1,2.736457366202621,0.523168820117808,925.6666666666666,493.6666666666667,1019.0,540.0,525.94861328125,280.49330078125,578.9790820312501,306.81914062500005,59.205409037718084,True,309
309,14,7417,21243,81.74241192865276,1,3.019879380346109,0.5017418825157728,925.6666666666666,493.6666666666667,1022.0,406.0,525.94861328125,280.49330078125,580.6836328125,230.6825390625,74.00698849492805,True,310
310,14,7417,20422,45.53449006705447,1,2.4765465238612467,0.4781187754015122,925.6666666666666,493.6666666666667,979.0,456.0,525.94861328125,280.49330078125,556.25173828125,259.09171875000004,37.09861315744765,False,311
311,4,7418,7550,33.79728229554086,2,3.5184170328766458,0.6974994498114543,931.5714285714286,300.2857142857143,942.25,352.0,529.3036021205357,170.61741629464288,535.3709912109375,200.000625,30.003102576182044,False,312
312,4,7418,19574,9.746605983155904,1,3.7566122544568956,1.1771983186726895,931.5714285714286,300.2857142857143,934.0,284.0,529.3036021205357,170.61741629464288,530.6834765625,161.364140625,9.355595336160654,False,313
313,4,7418,8311,60.69093185653218,2,3.4044388142337185,0.6306728767517623,931.5714285714286,300.2857142857143,1000.0,253.0,529.3036021205357,170.61741629464288,568.18359375,143.75044921875002,47.2597891337268,False,314
314,4,7419,19332,29.1110462980073,1,2.4996709761491154,0.5891496670361631,932.0,757.75,926.0,709.0,529.547109375,430.54111816406254,526.1380078125001,402.84216796875006,27.907952547362562,False,315
315,4,7419,7566,14.733355024977502,2,2.9275951619607707,0.3116815105206108,932.0,757.75,955.0,765.25,529.547109375,430.54111816406254,542.6153320312501,434.80249511718756,13.745463867398346,False,316
316,15,7530,19625,3.2466267410804552,1,5.215930456039118,0.2352254148742037,940.3333333333334,27.333333333333332,937.0,23.0,534.2819726562501,15.5303515625,532.3880273437501,13.06822265625,3.1063012728537176,False,317
317,15,7530,19701,20.088998812408054,1,2.919573081776474,0.5723556674277543,940.3333333333334,27.333333333333332,940.0,61.0,534.2819726562501,15.5303515625,534.092578125,34.659199218750004,19.12978522996243,True,318
318,15,7530,8310,40.07983752453466,2,2.54122274213546,0.5779506586835531,940.3333333333334,27.333333333333332,992.0,64.0,534.2819726562501,15.5303515625,563.6381250000001,36.36375,35.997418947545164,True,319
319,4,7550,7997,28.400816805819908,2,3.318001389198869,0.49019335951279625,942.25,352.0,989.75,346.0,535.3709912109375,200.000625,562.3597119140626,196.59152343750003,27.20318030405143,False,320
320,4,7551,7566,19.89096569295187,2,3.148387426409986,0.5042522571256316,946.75,797.0,955.0,765.25,537.9278173828126,452.84232421875004,542.6153320312501,434.80249511718756,18.638890192092894,False,321
321,4,7551,20908,48.254149531210786,1,2.8364642789926946,0.5965090447566839,946.75,797.0,1003.0,850.0,537.9278173828126,452.84232421875004,569.8881445312501,482.95605468750006,43.91240455930049,False,322
322,4,7566,7625,4.630661733775745,2,3.177771182423008,0.4536484473066773,955.0,765.25,962.6666666666666,763.6666666666666,542.6153320312501,434.80249511718756,546.97140625,433.90287109375004,4.448000222887058,False,323
323,4,7625,20639,62.44089550451304,1,2.171239394483976,0.4924292896118823,962.6666666666666,763.6666666666666,989.0,679.0,546.97140625,433.90287109375004,561.9335742187501,385.79666015625,50.37930131600018,False,324
324,4,7625,21256,44.357743314808886,1,1.9908623131802194,0.5733059315021218,962.6666666666666,763.6666666666666,1023.0,732.0,546.97140625,433.90287109375004,581.2518164062501,415.91039062500005,38.71531833653298,False,325
325,16,7727,8839,31.801555486639604,0,3.331539055571118,1.1719047355760868,388.0,0.0,439.0,6.0,220.45523437500003,0.0,249.43259765625,3.4091015625,29.177209534103405,True,326
326,4,7863,20301,0.8035329441991849,1,3.148521921571343,0.30760395282134184,973.0,248.0,972.0,247.0,552.8426367187501,140.90953125000001,552.274453125,140.34134765625,0.8035329441991849,False,327
327,4,7863,20302,0.8035329441991849,1,3.2579440837231965,0.19818179066948383,973.0,248.0,972.0,249.0,552.8426367187501,140.90953125000001,552.274453125,141.47771484375002,0.8035329441991849,False,328
328,4,7863,8311,16.517703783495673,2,3.022769996648326,0.42295140978690765,973.0,248.0,1000.0,253.0,552.8426367187501,140.90953125000001,568.18359375,143.75044921875002,15.601787639236166,False,329
329,4,7864,20668,18.830817723241346,1,3.2381739236206672,0.36799735811880097,980.0,106.0,991.0,78.0,556.8199218750001,60.227460937500005,563.06994140625,44.318320312500006,17.09279086536282,False,330
330,4,7864,20463,0.803532944199135,1,3.805586645887649,0.21207807510802593,980.0,106.0,981.0,107.0,556.8199218750001,60.227460937500005,557.38810546875,60.795644531250005,0.8035329441990994,False,331
331,4,7895,21236,29.342694783727936,1,3.2679996227561223,0.5752749659380065,981.75,1005.0,1021.0,997.0,557.8142431640625,571.0245117187501,580.1154492187501,566.47904296875,22.75972490279397,True,332
332,4,7895,7961,5.926028745740922,2,4.249311383839213,0.21883917863668764,981.75,1005.0,983.0,1015.0,557.8142431640625,571.0245117187501,558.52447265625,576.70634765625,5.726053226458774,False,333
333,4,7961,20504,0.803532944199135,1,4.281566735497839,0.26390201450215955,983.0,1015.0,982.0,1016.0,558.52447265625,576.70634765625,557.9562890625001,577.27453125,0.8035329441990642,False,334
334,4,7961,20545,0.803532944199135,1,4.8452950102886305,0.2998262602886216,983.0,1015.0,984.0,1016.0,558.52447265625,576.70634765625,559.09265625,577.27453125,0.8035329441990642,False,335
335,4,7997,21222,30.519319430723726,1,3.0921095824221596,0.5616124679252198,989.75,346.0,1021.0,308.0,562.3597119140626,196.59152343750003,580.1154492187501,175.00054687500003,27.954185306595786,False,336
336,4,7997,20556,21.972911723088416,1,2.6197463991369903,0.6475056005835916,989.75,346.0,985.0,381.0,562.3597119140626,196.59152343750003,559.6608398437501,216.47794921875,20.068727931911305,False,337
337,15,8310,20718,7.621736069199134,1,3.6181261625219143,0.230351105743479,992.0,64.0,993.0,77.0,563.6381250000001,36.36375,564.20630859375,43.75013671875001,7.408207701943369,False,338
338,15,8310,21253,40.01512895097403,1,1.9631063848417232,0.6644760138770506,992.0,64.0,1023.0,7.0,563.6381250000001,36.36375,581.2518164062501,3.9772851562500002,36.86631565575901,True,339
339,4,8311,20869,0.8035329441991849,1,4.212193747380205,0.11496358509412646,1000.0,253.0,1001.0,252.0,568.18359375,143.75044921875002,568.7517773437501,143.182265625,0.8035329441991849,False,340
340,46,8921,9523,32.25552842417749,0,2.8595824258117863,0.5007791375198748,443.0,141.0,470.0,102.0,251.70533203125,80.11388671875001,267.0462890625,57.95472656250001,26.951314280847175,True,341
341,80,10556,10702,36.76061760943182,0,2.459616618125893,0.4868532871737631,530.0,0.0,536.0,55.0,301.13730468750003,0.0,304.54640625,31.250097656250002,31.43549867567877,True,342
342,110,11822,12037,46.241494680838734,0,2.0428653750533194,0.43729858778366915,589.0,0.0,597.0,75.0,334.66013671875004,0.0,339.20560546875004,42.61376953125001,42.855508861985506,True,343
343,125,12455,12472,0.803532944199135,0,2.1606747280715135,0.11205964692848719,617.0,423.0,618.0,424.0,350.56927734375,240.34166015625001,351.1374609375,240.90984375000002,0.8035329441991446,True,344
344,129,12884,12926,11.07121719644481,0,3.203268936652073,0.26402878269837243,636.0,119.0,638.0,102.0,361.364765625,67.61384765625,362.50113281250003,57.95472656250001,9.725736511367804,True,345
345,152,13640,13890,30.88381188622836,0,2.2389120893108228,0.3813399244126002,670.0,912.0,684.0,955.0,380.6830078125,518.1834375000001,388.63757812500006,542.6153320312501,25.69421450915811,True,346
346,194,14834,15511,37.07672608937229,0,2.433462244251069,0.4862566791039471,725.0,958.0,758.0,1009.0,411.93310546875006,544.3198828125,430.68316406250005,573.29724609375,34.514522740472465,True,347
347,367,20145,20992,29.569200676385282,0,2.974899425732021,0.7584732006013183,962.0,141.0,1007.0,154.0,546.5926171875001,80.11388671875001,572.1608789062501,87.50027343750001,26.613806869319244,True,348
348,384,20924,21188,37.954090125037865,0,2.9606914770390556,0.39224761610105896,1004.0,848.0,1019.0,788.0,570.456328125,481.81968750000004,578.9790820312501,447.72867187500003,35.14021457661429,True,349
349,386,21246,21255,50.575267881774884,0,2.4697809741295402,0.5616449675511849,1022.0,595.0,1023.0,670.0,580.6836328125,338.06923828125,581.2518164062501,380.6830078125,42.61755725353927,True,350
